{"cameraMode":{"drawMode":0,"name":"Shaded","section":"Shading Mode"},"sceneLighting":false,"audioPlay":false,"sceneViewState":{"m_AlwaysRefresh":false,"showFog":true,"showSkybox":false,"showFlares":true,"showImageEffects":true,"showParticleSystems":true,"showVisualEffectGraphs":true,"m_FxEnabled":true},"in2DMode":false,"pivot":{"x":1543.2523193359375,"y":676.3338623046875,"z":-185.96636962890626},"rotation":{"x":-0.037700310349464419,"y":0.07278177887201309,"z":-0.002752408618107438,"w":-0.9966343641281128},"size":125.00975799560547,"orthographic":false}