{"cameraMode":{"drawMode":0,"name":"Shaded","section":"Shading Mode"},"sceneLighting":false,"audioPlay":false,"sceneViewState":{"m_AlwaysRefresh":false,"showFog":true,"showSkybox":false,"showFlares":true,"showImageEffects":true,"showParticleSystems":true,"showVisualEffectGraphs":true,"m_FxEnabled":true},"in2DMode":false,"pivot":{"x":1908.24658203125,"y":683.827392578125,"z":-134.8613739013672},"rotation":{"x":-0.034802161157131198,"y":-0.005098770372569561,"z":0.00017829735588748008,"w":-0.9993842840194702},"size":125.00975799560547,"orthographic":false}