{"cameraMode":{"drawMode":0,"name":"Shaded","section":"Shading Mode"},"sceneLighting":false,"audioPlay":false,"sceneViewState":{"m_AlwaysRefresh":false,"showFog":true,"showSkybox":false,"showFlares":true,"showImageEffects":true,"showParticleSystems":true,"showVisualEffectGraphs":true,"m_FxEnabled":true},"in2DMode":false,"pivot":{"x":913.3787231445313,"y":589.8017578125,"z":3.131683349609375},"rotation":{"x":-0.039299413561820987,"y":-0.0021002565044909717,"z":0.00008333694859175012,"w":-0.9992279410362244},"size":75.28873443603516,"orthographic":false}