{"cameraMode":{"drawMode":0,"name":"Shaded","section":"Shading Mode"},"sceneLighting":false,"audioPlay":false,"sceneViewState":{"m_AlwaysRefresh":false,"showFog":true,"showSkybox":false,"showFlares":true,"showImageEffects":true,"showParticleSystems":true,"showVisualEffectGraphs":true,"m_FxEnabled":true},"in2DMode":false,"pivot":{"x":-0.33104759454727175,"y":0.9446970224380493,"z":0.10777252912521362},"rotation":{"x":-0.022472752258181573,"y":-0.975658118724823,"z":0.18178634345531465,"w":-0.12060903012752533},"size":1.1455166339874268,"orthographic":false}