{"cameraMode":{"drawMode":0,"name":"Shaded","section":"Shading Mode"},"sceneLighting":false,"audioPlay":false,"sceneViewState":{"m_AlwaysRefresh":false,"showFog":true,"showSkybox":false,"showFlares":true,"showImageEffects":true,"showParticleSystems":true,"showVisualEffectGraphs":true,"m_FxEnabled":true},"in2DMode":false,"pivot":{"x":-1.2956000566482545,"y":0.02500000037252903,"z":0.538299560546875},"rotation":{"x":0.15421871840953828,"y":0.6250149011611939,"z":-0.12774325907230378,"w":0.7545466423034668},"size":0.8660253882408142,"orthographic":false}