{"cameraMode":{"drawMode":0,"name":"Shaded","section":"Shading Mode"},"sceneLighting":true,"audioPlay":false,"sceneViewState":{"m_AlwaysRefresh":false,"showFog":true,"showSkybox":true,"showFlares":true,"showImageEffects":true,"showParticleSystems":true,"showVisualEffectGraphs":true,"m_FxEnabled":true},"in2DMode":false,"pivot":{"x":1.570001244544983,"y":0.7078003883361816,"z":0.3263653814792633},"rotation":{"x":-0.13478344678878785,"y":0.04071046784520149,"z":-0.005542314145714045,"w":-0.990024745464325},"size":1.9764899015426636,"orthographic":false}