{"cameraMode":{"drawMode":0,"name":"Shaded","section":"Shading Mode"},"sceneLighting":true,"audioPlay":false,"sceneViewState":{"m_AlwaysRefresh":false,"showFog":true,"showSkybox":true,"showFlares":true,"showImageEffects":true,"showParticleSystems":true,"showVisualEffectGraphs":true,"m_FxEnabled":true},"in2DMode":false,"pivot":{"x":-0.6213278770446777,"y":0.3415275812149048,"z":3.0173816680908205},"rotation":{"x":0.21273204684257508,"y":0.3571119010448456,"z":-0.0838770791888237,"w":0.9056522846221924},"size":2.3878633975982668,"orthographic":false}