{"cameraMode":{"drawMode":0,"name":"Shaded","section":"Shading Mode"},"sceneLighting":true,"audioPlay":false,"sceneViewState":{"m_AlwaysRefresh":false,"showFog":true,"showSkybox":true,"showFlares":true,"showImageEffects":true,"showParticleSystems":true,"showVisualEffectGraphs":true,"m_FxEnabled":true},"in2DMode":false,"pivot":{"x":0.7935447692871094,"y":1.2164791822433472,"z":0.2535971403121948},"rotation":{"x":0.12638895213603974,"y":-0.8163284063339233,"z":0.19510671496391297,"w":0.5287715196609497},"size":0.4540594220161438,"orthographic":false}