{"cameraMode":{"drawMode":0,"name":"Shaded","section":"Shading Mode"},"sceneLighting":true,"audioPlay":false,"sceneViewState":{"m_AlwaysRefresh":false,"showFog":true,"showSkybox":true,"showFlares":true,"showImageEffects":true,"showParticleSystems":true,"showVisualEffectGraphs":true,"m_FxEnabled":true},"in2DMode":false,"pivot":{"x":0.5659076571464539,"y":2.2286038398742677,"z":-2.4810099601745607},"rotation":{"x":-0.19653744995594026,"y":0.1803257018327713,"z":-0.036799684166908267,"w":-0.963070273399353},"size":1.2939050197601319,"orthographic":false}