{"cameraMode":{"drawMode":0,"name":"Shaded","section":"Shading Mode"},"sceneLighting":true,"audioPlay":false,"sceneViewState":{"m_AlwaysRefresh":false,"showFog":true,"showSkybox":true,"showFlares":true,"showImageEffects":true,"showParticleSystems":true,"showVisualEffectGraphs":true,"m_FxEnabled":true},"in2DMode":false,"pivot":{"x":0.1618998646736145,"y":0.8808950781822205,"z":0.4626716375350952},"rotation":{"x":0.02680048905313015,"y":-0.9732490181922913,"z":0.16236506402492524,"w":0.16054484248161317},"size":0.9989173412322998,"orthographic":false}