{"cameraMode":{"drawMode":0,"name":"Shaded","section":"Shading Mode"},"sceneLighting":true,"audioPlay":false,"sceneViewState":{"m_AlwaysRefresh":false,"showFog":true,"showSkybox":true,"showFlares":true,"showImageEffects":true,"showParticleSystems":true,"showVisualEffectGraphs":true,"m_FxEnabled":true},"in2DMode":false,"pivot":{"x":0.10868806391954422,"y":3.1169300079345705,"z":-3.2070436477661135},"rotation":{"x":0.17222003638744355,"y":0.018021561205387117,"z":-0.0031429699156433346,"w":0.9849020838737488},"size":0.7580713629722595,"orthographic":false}