{"cameraMode":{"drawMode":0,"name":"Shaded","section":"Shading Mode"},"sceneLighting":true,"audioPlay":false,"sceneViewState":{"m_AlwaysRefresh":false,"showFog":true,"showSkybox":true,"showFlares":true,"showImageEffects":true,"showParticleSystems":true,"showVisualEffectGraphs":true,"m_FxEnabled":true},"in2DMode":false,"pivot":{"x":-3.135340690612793,"y":0.4502371549606323,"z":3.540316581726074},"rotation":{"x":0.1979268193244934,"y":0.10506045073270798,"z":-0.021345121785998346,"w":0.9743541479110718},"size":2.995285749435425,"orthographic":false}