{"cameraMode":{"drawMode":0,"name":"Shaded","section":"Shading Mode"},"sceneLighting":true,"audioPlay":false,"sceneViewState":{"m_AlwaysRefresh":false,"showFog":true,"showSkybox":true,"showFlares":true,"showImageEffects":true,"showParticleSystems":true,"showVisualEffectGraphs":true,"m_FxEnabled":true},"in2DMode":false,"pivot":{"x":0.6990118026733398,"y":-0.0964055061340332,"z":0.6922569274902344},"rotation":{"x":0.2592957615852356,"y":-0.4371465742588043,"z":0.13322480022907258,"w":0.850854754447937},"size":3.8488593101501467,"orthographic":false}