{"cameraMode":{"drawMode":0,"name":"Shaded","section":"Shading Mode"},"sceneLighting":false,"audioPlay":false,"sceneViewState":{"m_AlwaysRefresh":false,"showFog":true,"showSkybox":false,"showFlares":true,"showImageEffects":true,"showParticleSystems":true,"showVisualEffectGraphs":true,"m_FxEnabled":true},"in2DMode":false,"pivot":{"x":1470.0076904296875,"y":613.2354125976563,"z":-105.08429718017578},"rotation":{"x":-0.079703688621521,"y":0.023021766915917398,"z":-0.0018411647761240602,"w":-0.9965518712997437},"size":263.2146911621094,"orthographic":false}