{"cameraMode":{"drawMode":0,"name":"Shaded","section":"Shading Mode"},"sceneLighting":false,"audioPlay":false,"sceneViewState":{"m_AlwaysRefresh":false,"showFog":false,"showSkybox":false,"showFlares":false,"showImageEffects":false,"showParticleSystems":false,"showVisualEffectGraphs":true,"m_FxEnabled":true},"in2DMode":false,"pivot":{"x":-0.000005841255187988281,"y":1.2655160427093506,"z":0.06578612327575684},"rotation":{"x":0.17503884434700013,"y":-0.3084428012371063,"z":0.05785979703068733,"w":0.9332347512245178},"size":2.279062271118164,"orthographic":false}