{"cameraMode":{"drawMode":0,"name":"Shaded","section":"Shading Mode"},"sceneLighting":false,"audioPlay":false,"sceneViewState":{"m_AlwaysRefresh":false,"showFog":true,"showSkybox":false,"showFlares":true,"showImageEffects":true,"showParticleSystems":true,"showVisualEffectGraphs":true,"m_FxEnabled":true},"in2DMode":false,"pivot":{"x":0.051398247480392459,"y":0.8863837718963623,"z":0.3287579417228699},"rotation":{"x":-0.15056100487709046,"y":-0.27086183428764346,"z":0.04293553903698921,"w":-0.9498043656349182},"size":1.268872618675232,"orthographic":false}