{"cameraMode":{"drawMode":0,"name":"Shaded","section":"Shading Mode"},"sceneLighting":false,"audioPlay":false,"sceneViewState":{"m_AlwaysRefresh":false,"showFog":true,"showSkybox":false,"showFlares":true,"showImageEffects":true,"showParticleSystems":true,"showVisualEffectGraphs":true,"m_FxEnabled":true},"in2DMode":false,"pivot":{"x":-1.2481000423431397,"y":0.025000015273690225,"z":0.5327882766723633},"rotation":{"x":0.16728533804416657,"y":0.7254791259765625,"z":-0.18959487974643708,"w":0.6401835680007935},"size":0.018620410934090616,"orthographic":false}