{"cameraMode":{"drawMode":0,"name":"Shaded","section":"Shading Mode"},"sceneLighting":false,"audioPlay":false,"sceneViewState":{"m_AlwaysRefresh":false,"showFog":true,"showSkybox":false,"showFlares":true,"showImageEffects":true,"showParticleSystems":true,"showVisualEffectGraphs":true,"m_FxEnabled":true},"in2DMode":false,"pivot":{"x":-2.9802322387695315e-8,"y":0.807866632938385,"z":-0.0059626102447509769},"rotation":{"x":-0.18505918979644776,"y":-0.1781521439552307,"z":0.03413476422429085,"w":-0.9658413529396057},"size":0.9748063087463379,"orthographic":false}