{"cameraMode":{"drawMode":0,"name":"Shaded","section":"Shading Mode"},"sceneLighting":false,"audioPlay":false,"sceneViewState":{"m_AlwaysRefresh":false,"showFog":true,"showSkybox":false,"showFlares":true,"showImageEffects":true,"showParticleSystems":true,"showVisualEffectGraphs":true,"m_FxEnabled":true},"in2DMode":false,"pivot":{"x":2.6000545024871828,"y":1.583968162536621,"z":-0.03335413709282875},"rotation":{"x":0.02193889208137989,"y":0.7107797265052795,"z":-0.022189877927303315,"w":0.7027260065078735},"size":0.1738804429769516,"orthographic":false}